N-1 Disturbance,Description
---------------,---------------
TRIP GENERATOR G01,This is an event where generator G01 is tripped at t=1.0
TRIP GENERATOR G02,This is an event where generator G02 is tripped at t=1.0
TRIP GENERATOR G03,This is an event where generator G03 is tripped at t=1.0
TRIP GENERATOR G04,This is an event where generator G04 is tripped at t=1.0
TRIP GENERATOR G05,This is an event where generator G05 is tripped at t=1.0
TRIP GENERATOR G06,This is an event where generator G06 is tripped at t=1.0
TRIP GENERATOR G07,This is an event where generator G07 is tripped at t=1.0
TRIP GENERATOR G08,This is an event where generator G08 is tripped at t=1.0
TRIP GENERATOR G09,This is an event where generator G09 is tripped at t=1.0
TRIP GENERATOR G10,This is an event where generator G10 is tripped at t=1.0
TRIP GENERATOR G11,This is an event where generator G11 is tripped at t=1.0
TRIP GENERATOR G12,This is an event where generator G12 is tripped at t=1.0
TRIP GENERATOR G13,This is an event where generator G13 is tripped at t=1.0
TRIP GENERATOR G14,This is an event where generator G14 is tripped at t=1.0
TRIP GENERATOR G15,This is an event where generator G15 is tripped at t=1.0
TRIP GENERATOR G16,This is an event where generator G16 is tripped at t=1.0
TRIP GENERATOR G17,This is an event where generator G17 is tripped at t=1.0
TRIP GENERATOR G18,This is an event where generator G18 is tripped at t=1.0
TRIP GENERATOR G19,This is an event where generator G19 is tripped at t=1.0
TRIP GENERATOR G20,This is an event where generator G20 is tripped at t=1.0
TRIP GENERATOR G21,This is an event where generator G21 is tripped at t=1.0
TRIP GENERATOR G22,This is an event where generator G22 is tripped at t=1.0
TRIP GENERATOR G23,This is an event where generator G23 is tripped at t=1.0
TRIP GENERATOR G24,This is an event where generator G24 is tripped at t=1.0
TRIP GENERATOR G25,This is an event where generator G25 is tripped at t=1.0
TRIP GENERATOR G26,This is an event where generator G26 is tripped at t=1.0
TRIP LINELN01,This is an event where line LN01 is tripped at t=1.0
TRIP LINELN02,This is an event where line LN02 is tripped at t=1.0
TRIP LINELN03,This is an event where line LN03 is tripped at t=1.0
TRIP LINELN04,This is an event where line LN04 is tripped at t=1.0
TRIP LINELN05,This is an event where line LN05 is tripped at t=1.0
TRIP LINELN06,This is an event where line LN06 is tripped at t=1.0
TRIP LINELN07,This is an event where line LN07 is tripped at t=1.0
TRIP LINELN08,This is an event where line LN08 is tripped at t=1.0
TRIP LINELN09,This is an event where line LN09 is tripped at t=1.0
TRIP LINELN10,This is an event where line LN10 is tripped at t=1.0
TRIP LINELN11,This is an event where line LN11 is tripped at t=1.0
TRIP LINELN12,This is an event where line LN12 is tripped at t=1.0
TRIP LINELN13,This is an event where line LN13 is tripped at t=1.0
TRIP LINELN14,This is an event where line LN14 is tripped at t=1.0
TRIP LINELN15,This is an event where line LN15 is tripped at t=1.0
TRIP LINELN16,This is an event where line LN16 is tripped at t=1.0
TRIP LINELN17,This is an event where line LN17 is tripped at t=1.0
TRIP LINELN18,This is an event where line LN18 is tripped at t=1.0
TRIP LINELN19,This is an event where line LN19 is tripped at t=1.0
TRIP LINELN20,This is an event where line LN20 is tripped at t=1.0
TRIP LINELN21,This is an event where line LN21 is tripped at t=1.0
TRIP LINELN22,This is an event where line LN22 is tripped at t=1.0
TRIP LINELN23,This is an event where line LN23 is tripped at t=1.0
TRIP LINELN24,This is an event where line LN24 is tripped at t=1.0
TRIP LINELN25,This is an event where line LN25 is tripped at t=1.0
TRIP LINELN26,This is an event where line LN26 is tripped at t=1.0
TRIP LINELN27,This is an event where line LN27 is tripped at t=1.0
TRIP LINELN28,This is an event where line LN28 is tripped at t=1.0
TRIP LINELN29,This is an event where line LN29 is tripped at t=1.0
TRIP LINELN30,This is an event where line LN30 is tripped at t=1.0
TRIP LINELN31,This is an event where line LN31 is tripped at t=1.0
TRIP LINELN32,This is an event where line LN32 is tripped at t=1.0
TRIP LINELN33,This is an event where line LN33 is tripped at t=1.0
TRIP LINELN34,This is an event where line LN34 is tripped at t=1.0
TRIP LINELN35,This is an event where line LN35 is tripped at t=1.0
TRIP LINELN36,This is an event where line LN36 is tripped at t=1.0
TRIP LINELN37,This is an event where line LN37 is tripped at t=1.0
TRIP LINELN38,This is an event where line LN38 is tripped at t=1.0
TRIP LINELN39,This is an event where line LN39 is tripped at t=1.0
TRIP LINELN40,This is an event where line LN40 is tripped at t=1.0
TRIP LINELN41,This is an event where line LN41 is tripped at t=1.0
TRIP LINELN42,This is an event where line LN42 is tripped at t=1.0
TRIP LINELN43,This is an event where line LN43 is tripped at t=1.0
TRIP LINELN44,This is an event where line LN44 is tripped at t=1.0
TRIP LINELN45,This is an event where line LN45 is tripped at t=1.0
TRIP LINELN46,This is an event where line LN46 is tripped at t=1.0
TRIP LINELN47,This is an event where line LN47 is tripped at t=1.0
TRIP LINELN48,This is an event where line LN48 is tripped at t=1.0
TRIP LINELN49,This is an event where line LN49 is tripped at t=1.0
TRIP LINELN50,This is an event where line LN50 is tripped at t=1.0
TRIP LINELN51,This is an event where line LN51 is tripped at t=1.0
TRIP LINELN52,This is an event where line LN52 is tripped at t=1.0
TRIP LINELN53,This is an event where line LN53 is tripped at t=1.0
TRIP LINELN54,This is an event where line LN54 is tripped at t=1.0
TRIP LINELN55,This is an event where line LN55 is tripped at t=1.0
TRIP LINELN56,This is an event where line LN56 is tripped at t=1.0
TRIP LINELN57,This is an event where line LN57 is tripped at t=1.0
TRIP LINELN58,This is an event where line LN58 is tripped at t=1.0
TRIP LINELN59,This is an event where line LN59 is tripped at t=1.0
TRIP LINELN60,This is an event where line LN60 is tripped at t=1.0
TRIP LINELN61,This is an event where line LN61 is tripped at t=1.0
TRIP LINELN62,This is an event where line LN62 is tripped at t=1.0
TRIP LINELN63,This is an event where line LN63 is tripped at t=1.0
TRIP LINELN64,This is an event where line LN64 is tripped at t=1.0
TRIP LINELN65,This is an event where line LN65 is tripped at t=1.0
TRIP LINELN66,This is an event where line LN66 is tripped at t=1.0
TRIP LINELN67,This is an event where line LN67 is tripped at t=1.0
TRIP LINELN68,This is an event where line LN68 is tripped at t=1.0
TRIP LINELN69,This is an event where line LN69 is tripped at t=1.0
TRIP LINELN70,This is an event where line LN70 is tripped at t=1.0
TRIP LINELN71,This is an event where line LN71 is tripped at t=1.0
TRIP LINELN72,This is an event where line LN72 is tripped at t=1.0
TRIP LINELN73,This is an event where line LN73 is tripped at t=1.0
TRIP LINELN74,This is an event where line LN74 is tripped at t=1.0
TRIP LINELN75,This is an event where line LN75 is tripped at t=1.0
TRIP LINELN76,This is an event where line LN76 is tripped at t=1.0
TRIP LINELN77,This is an event where line LN77 is tripped at t=1.0
TRIP LINELN78,This is an event where line LN78 is tripped at t=1.0
TRIP LINELN79,This is an event where line LN79 is tripped at t=1.0
TRIP LINELN80,This is an event where line LN80 is tripped at t=1.0
TRIP LINELN81,This is an event where line LN81 is tripped at t=1.0
TRIP LINELN82,This is an event where line LN82 is tripped at t=1.0
TRIP LINELN83,This is an event where line LN83 is tripped at t=1.0
TRIP LINELN84,This is an event where line LN84 is tripped at t=1.0
TRIP LINELN85,This is an event where line LN85 is tripped at t=1.0
TRIP LINELN86,This is an event where line LN86 is tripped at t=1.0
TRIP LINELN87,This is an event where line LN87 is tripped at t=1.0
TRIP LINELN88,This is an event where line LN88 is tripped at t=1.0
TRIP LINELN89,This is an event where line LN89 is tripped at t=1.0
TRIP LINELN90,This is an event where line LN90 is tripped at t=1.0
TRIP LINELN91,This is an event where line LN91 is tripped at t=1.0
TRIP LINELN92,This is an event where line LN92 is tripped at t=1.0
TRIP LINELN93,This is an event where line LN93 is tripped at t=1.0
TRIP LINELN94,This is an event where line LN94 is tripped at t=1.0
TRIP LINELN95,This is an event where line LN95 is tripped at t=1.0
TRIP LINELN96,This is an event where line LN96 is tripped at t=1.0
TRIP LINELN97,This is an event where line LN97 is tripped at t=1.0
TRIP LINELN98,This is an event where line LN98 is tripped at t=1.0
TRIP LINELN99,This is an event where line LN99 is tripped at t=1.0
TRIP LINELN100,This is an event where line LN100 is tripped at t=1.0
TRIP LINELN101,This is an event where line LN101 is tripped at t=1.0
TRIP LINELN102,This is an event where line LN102 is tripped at t=1.0
TRIP LINELN103,This is an event where line LN103 is tripped at t=1.0
TRIP LINELN104,This is an event where line LN104 is tripped at t=1.0
TRIP LINELN105,This is an event where line LN105 is tripped at t=1.0
TRIP LINELN106,This is an event where line LN106 is tripped at t=1.0
TRIP LINELN107,This is an event where line LN107 is tripped at t=1.0
TRIP LINELN108,This is an event where line LN108 is tripped at t=1.0
TRIP LINELN109,This is an event where line LN109 is tripped at t=1.0
TRIP LINELN110,This is an event where line LN110 is tripped at t=1.0
TRIP LINELN111,This is an event where line LN111 is tripped at t=1.0
TRIP LINELN112,This is an event where line LN112 is tripped at t=1.0
TRIP LINELN113,This is an event where line LN113 is tripped at t=1.0
TRIP LINELN114,This is an event where line LN114 is tripped at t=1.0
TRIP LINELN115,This is an event where line LN115 is tripped at t=1.0
TRIP LINELN116,This is an event where line LN116 is tripped at t=1.0
TRIP LINELN117,This is an event where line LN117 is tripped at t=1.0
TRIP LINELN118,This is an event where line LN118 is tripped at t=1.0
TRIP LINELN119,This is an event where line LN119 is tripped at t=1.0
TRIP LINELN120,This is an event where line LN120 is tripped at t=1.0
TRIP LINELN121,This is an event where line LN121 is tripped at t=1.0
TRIP LINELN122,This is an event where line LN122 is tripped at t=1.0
TRIP LINELN123,This is an event where line LN123 is tripped at t=1.0
TRIP LINELN124,This is an event where line LN124 is tripped at t=1.0
TRIP LINELN125,This is an event where line LN125 is tripped at t=1.0
TRIP LINELN126,This is an event where line LN126 is tripped at t=1.0
TRIP LINELN127,This is an event where line LN127 is tripped at t=1.0
TRIP LINELN128,This is an event where line LN128 is tripped at t=1.0
TRIP LINELN129,This is an event where line LN129 is tripped at t=1.0
TRIP LINELN130,This is an event where line LN130 is tripped at t=1.0
TRIP LINELN131,This is an event where line LN131 is tripped at t=1.0
TRIP LINELN132,This is an event where line LN132 is tripped at t=1.0
TRIP LINELN133,This is an event where line LN133 is tripped at t=1.0
TRIP LINELN134,This is an event where line LN134 is tripped at t=1.0
TRIP LINELN135,This is an event where line LN135 is tripped at t=1.0
TRIP LINELN136,This is an event where line LN136 is tripped at t=1.0
TRIP LINELN137,This is an event where line LN137 is tripped at t=1.0
TRIP LINELN138,This is an event where line LN138 is tripped at t=1.0
TRIP LINELN139,This is an event where line LN139 is tripped at t=1.0
TRIP LINELN140,This is an event where line LN140 is tripped at t=1.0
TRIP LINELN141,This is an event where line LN141 is tripped at t=1.0
TRIP LINELN142,This is an event where line LN142 is tripped at t=1.0
TRIP LINELN143,This is an event where line LN143 is tripped at t=1.0
TRIP LINELN144,This is an event where line LN144 is tripped at t=1.0
TRIP LINELN145,This is an event where line LN145 is tripped at t=1.0
TRIP LINELN146,This is an event where line LN146 is tripped at t=1.0
TRIP LINELN147,This is an event where line LN147 is tripped at t=1.0
TRIP LINELN148,This is an event where line LN148 is tripped at t=1.0
TRIP LINELN149,This is an event where line LN149 is tripped at t=1.0
TRIP LINELN150,This is an event where line LN150 is tripped at t=1.0
TRIP LINELN151,This is an event where line LN151 is tripped at t=1.0
TRIP LINELN152,This is an event where line LN152 is tripped at t=1.0
TRIP LINELN153,This is an event where line LN153 is tripped at t=1.0
TRIP LINELN154,This is an event where line LN154 is tripped at t=1.0
TRIP LINELN155,This is an event where line LN155 is tripped at t=1.0
TRIP LINELN156,This is an event where line LN156 is tripped at t=1.0
TRIP LINELN157,This is an event where line LN157 is tripped at t=1.0
TRIP LINELN158,This is an event where line LN158 is tripped at t=1.0
TRIP LINELN159,This is an event where line LN159 is tripped at t=1.0
TRIP LINELN160,This is an event where line LN160 is tripped at t=1.0
TRIP LINELN161,This is an event where line LN161 is tripped at t=1.0
TRIP LINELN162,This is an event where line LN162 is tripped at t=1.0
TRIP LINELN163,This is an event where line LN163 is tripped at t=1.0
TRIP LINELN164,This is an event where line LN164 is tripped at t=1.0
